Asset1,Asset2,Correlation
BND,BND,1.0
SPY,BND,0.5611053615098018
VTIP,BND,0.5940053743123069
VXUS,BND,0.6298282247611035
BND,SPY,0.5611053615098018
SPY,SPY,1.0
VTIP,SPY,0.9841036417584986
VXUS,SPY,0.9374425324633251
BND,VTIP,0.5940053743123069
SPY,VTIP,0.9841036417584986
VTIP,VTIP,1.0
VXUS,VTIP,0.9060620363383399
BND,VXUS,0.6298282247611035
SPY,VXUS,0.9374425324633251
VTIP,VXUS,0.9060620363383399
VXUS,VXUS,1.0
